AUC,detection_rate,total_acc
0.6531712000000001,0.1482,0.55465
