class_idx,AUC,detection_rate,total_acc
0,0.6492899999999999,0.201,0.5685
1,0.784401,0.562,0.7495
2,0.690609,0.295,0.619
3,0.720418,0.343,0.6325
4,0.7474810000000001,0.441,0.6855
5,0.764154,0.466,0.697
6,0.735287,0.332,0.6275
7,0.782794,0.528,0.718
8,0.633131,0.187,0.557
9,0.84015,0.615,0.7765
