AUC,detection_rate,total_acc
0.6855871499999999,0.1674,0.56425
