class_idx,AUC,detection_rate,total_acc
0,0.7796639999999999,0.361,0.6485
1,0.903923,0.754,0.8455
2,0.7948580000000001,0.432,0.6875
3,0.8463880000000001,0.558,0.74
4,0.9122190000000001,0.74,0.835
5,0.91454,0.766,0.847
6,0.833805,0.462,0.6925
7,0.900112,0.735,0.8215
8,0.7512129999999999,0.275,0.601
9,0.9371719999999999,0.794,0.866
