AUC,detection_rate,total_acc
0.7442870349999999,0.2927,0.62555
